Date,TotalRecords,MissingData,InvalidQuantities,HighDiscounts,DataQualityScore
2022-01-01,16,1,0,0,0.9711669697901825
2022-01-02,22,4,0,0,0.9427099364377179
2022-01-03,20,3,0,0,0.9515469247678688
2022-01-04,10,1,0,0,0.9616380126452199
2022-01-05,24,2,0,0,0.9096960293064088
2022-01-06,25,2,2,1,0.917828919127739
2022-01-07,12,1,1,1,0.9080292537437721
2022-01-08,23,1,0,0,0.979753433408455
2022-01-09,21,2,0,0,0.9079281370147015
2022-01-10,19,1,0,0,0.9980491983325035
2022-01-11,16,2,1,1,0.9556686848528809
2022-01-12,17,3,0,0,0.9991245609117567
2022-01-13,16,3,0,0,0.9523294632248727
2022-01-14,17,3,1,1,0.9442366965094396
2022-01-15,19,5,1,1,0.9599248678026688
2022-01-16,17,1,1,1,0.9724378530802691
2022-01-17,17,1,1,1,0.933719203393235
2022-01-18,16,3,1,1,0.9588614719306296
2022-01-19,17,1,2,2,0.9716365981874497
2022-01-20,17,1,1,1,0.962491376064619
2022-01-21,20,2,0,0,0.9924825793473743
2022-01-22,22,3,1,1,0.9212930119380619
2022-01-23,18,2,1,1,0.9097154062604458
2022-01-24,15,3,0,0,0.9376350152048194
2022-01-25,17,4,1,1,0.9844637971507311
2022-01-26,17,2,0,0,0.9650673258601271
2022-01-27,13,3,0,0,0.9241530892550247
2022-01-28,23,3,0,0,0.9706602757887558
2022-01-29,18,2,1,1,0.9098683606796657
2022-01-30,15,4,0,0,0.925071734146735
2022-01-31,16,2,1,0,0.9718853839485566
2022-02-01,22,4,0,0,0.961958793976081
2022-02-02,15,2,0,0,0.9861805520590279
2022-02-03,14,2,0,0,0.9213383107545794
2022-02-04,20,8,1,0,0.9834651764529456
2022-02-05,26,3,0,0,0.9510674260969803
2022-02-06,13,2,0,0,0.9683229775130963
2022-02-07,16,2,1,1,0.9318662378858577
2022-02-08,27,3,0,0,0.9136309471388633
2022-02-09,17,1,1,1,0.9783077576614317
2022-02-10,24,1,0,0,0.9260890313727266
2022-02-11,16,2,1,1,0.9132084898155821
2022-02-12,15,0,0,0,0.9373515115899422
2022-02-13,11,2,1,1,0.9964592148691929
2022-02-14,15,2,1,1,0.9557814980540987
2022-02-15,12,3,0,0,0.9961059228715741
2022-02-16,12,0,0,0,0.9437607444841218
2022-02-17,22,4,0,0,0.9574284021450479
2022-02-18,15,2,0,0,0.9552204669813864
2022-02-19,21,4,0,0,0.9530841953859451
2022-02-20,23,3,1,1,0.97741956025794
2022-02-21,14,2,0,0,0.941170872394615
2022-02-22,20,1,1,0,0.9791538444610264
2022-02-23,19,1,3,3,0.9079404122030134
2022-02-24,24,2,0,0,0.9057823694804901
2022-02-25,15,2,0,0,0.9962884405506058
2022-02-26,16,2,0,0,0.9791743368733317
2022-02-27,21,2,0,0,0.9244034533126623
2022-02-28,12,1,0,0,0.9492083006995446
2022-03-01,17,1,0,0,0.9581530674258019
2022-03-02,20,4,0,0,0.9377941699225972
2022-03-03,16,3,0,0,0.9599636994774368
2022-03-04,20,5,0,0,0.9132878804061841
2022-03-05,27,2,1,1,0.9394278582305103
2022-03-06,24,4,0,0,0.9022653008211998
2022-03-07,22,3,2,2,0.9678428800227824
2022-03-08,24,4,0,0,0.9454707149483111
2022-03-09,17,0,0,0,0.9511714663460071
2022-03-10,17,1,0,0,0.9531652658517192
2022-03-11,13,1,0,0,0.9105665911936425
2022-03-12,14,2,0,0,0.945416114546765
2022-03-13,20,3,0,0,0.9705415778792226
2022-03-14,14,2,1,1,0.9456170541465934
2022-03-15,15,3,0,0,0.9416197069696148
2022-03-16,17,3,0,0,0.9767825421736849
2022-03-17,16,2,0,0,0.909804055464069
2022-03-18,17,3,0,0,0.9398140898711079
2022-03-19,16,0,0,0,0.9844715073812934
2022-03-20,12,0,0,0,0.9976301285223554
2022-03-21,15,1,1,1,0.9093105731054362
2022-03-22,17,3,0,0,0.9006865019643454
2022-03-23,18,2,0,0,0.9612539012471921
2022-03-24,17,4,0,0,0.9184445320039778
2022-03-25,14,2,1,0,0.9880217981750685
2022-03-26,20,5,0,0,0.9494338490190883
2022-03-27,15,3,1,1,0.9444119960005483
2022-03-28,18,0,1,1,0.9227450586971423
2022-03-29,15,1,0,0,0.9713864050774035
2022-03-30,19,3,0,0,0.929629644544154
2022-03-31,21,1,0,0,0.9075195905198716
2022-04-01,11,3,0,0,0.9097284597403489
2022-04-02,24,2,0,0,0.9927291208428345
2022-04-03,18,3,0,0,0.931709533921359
2022-04-04,24,1,1,0,0.9898700406353315
2022-04-05,17,2,1,0,0.9429495723292908
2022-04-06,22,2,0,0,0.9933405329863545
2022-04-07,21,1,0,0,0.9406494484264187
2022-04-08,14,2,0,0,0.9354331008609379
2022-04-09,13,2,0,0,0.977995964751861
2022-04-10,16,2,2,1,0.9602427256771693
2022-04-11,16,2,0,0,0.9950307325094879
2022-04-12,17,0,0,0,0.9477509090059886
2022-04-13,22,3,2,1,0.9628385545556628
2022-04-14,16,2,0,0,0.9183914459563032
2022-04-15,22,3,2,2,0.9059213704759924
2022-04-16,22,5,0,0,0.9282805853467416
2022-04-17,17,2,0,0,0.9432001703380356
2022-04-18,16,1,0,0,0.9600559328409426
2022-04-19,29,6,0,0,0.9566425741576708
2022-04-20,15,2,2,2,0.9253451314842125
2022-04-21,19,1,0,0,0.9256054049982361
2022-04-22,22,2,1,1,0.9562132407484741
2022-04-23,15,1,0,0,0.9430161129533742
2022-04-24,15,2,0,0,0.9356408885830131
2022-04-25,19,2,1,1,0.9548860898094219
2022-04-26,18,0,0,0,0.9675622207150986
2022-04-27,17,2,1,1,0.9770940354381095
2022-04-28,19,0,0,0,0.9482182599922194
2022-04-29,22,0,0,0,0.903716493538917
2022-04-30,19,1,1,1,0.9763246484981297
2022-05-01,19,1,0,0,0.9753211848657037
2022-05-02,18,1,0,0,0.9268790891871694
2022-05-03,16,2,0,0,0.9164577473396466
2022-05-04,24,2,0,0,0.9496325855699214
2022-05-05,19,3,0,0,0.9591052436694111
2022-05-06,13,0,0,0,0.9451429983856
2022-05-07,13,1,0,0,0.9056951194955744
2022-05-08,18,1,0,0,0.9937499733716729
2022-05-09,14,1,2,2,0.9860241228663197
2022-05-10,12,2,1,1,0.9664650886057252
2022-05-11,17,3,0,0,0.9451049363179672
2022-05-12,12,1,0,0,0.9671664246687872
2022-05-13,21,3,1,1,0.9401307830029368
2022-05-14,18,1,1,1,0.9529861602962706
2022-05-15,30,3,3,2,0.9153894577081281
2022-05-16,29,3,1,1,0.9507890571206117
2022-05-17,20,2,2,1,0.9332994796261047
2022-05-18,17,0,0,0,0.9984993730052099
2022-05-19,18,3,0,0,0.9057856644769553
2022-05-20,21,4,0,0,0.9016565976656612
2022-05-21,22,3,0,0,0.9170206730506507
2022-05-22,18,1,0,0,0.9188842283922809
2022-05-23,25,3,2,2,0.9710316173258775
2022-05-24,23,3,0,0,0.9450340242432428
2022-05-25,17,2,0,0,0.954041863672412
2022-05-26,18,2,0,0,0.9141977157837797
2022-05-27,20,0,0,0,0.9156653507504682
2022-05-28,16,2,1,1,0.999998102656243
2022-05-29,11,1,0,0,0.951910386109945
2022-05-30,22,2,0,0,0.9177184082836392
2022-05-31,20,3,2,1,0.9180671959730821
2022-06-01,21,1,0,0,0.9004953972205672
2022-06-02,22,2,1,1,0.9576089361051382
2022-06-03,16,4,0,0,0.9689784228876379
2022-06-04,16,2,1,1,0.9534758628364493
2022-06-05,20,2,1,1,0.9134613549165685
2022-06-06,20,1,0,0,0.9647789566260372
2022-06-07,17,0,0,0,0.994670074006115
2022-06-08,23,3,2,2,0.9326701762637958
2022-06-09,20,2,0,0,0.9791624282948782
2022-06-10,21,1,0,0,0.9668864090831344
2022-06-11,8,1,0,0,0.934281231439021
2022-06-12,17,2,0,0,0.9192856456057983
2022-06-13,14,2,2,1,0.9635808163220492
2022-06-14,16,3,0,0,0.9856964876078592
2022-06-15,25,4,1,1,0.9462974668275549
2022-06-16,19,3,1,1,0.9112057760419828
2022-06-17,25,2,1,1,0.904786869561894
2022-06-18,15,2,0,0,0.9895202308545706
2022-06-19,20,0,2,2,0.9826792020302871
2022-06-20,19,3,2,2,0.9138615306959139
2022-06-21,16,1,1,0,0.9789910300158204
2022-06-22,19,1,2,2,0.9527111654004841
2022-06-23,20,4,0,0,0.9266744464522364
2022-06-24,18,0,0,0,0.9088267717064453
2022-06-25,23,4,1,0,0.9784732898411512
2022-06-26,18,1,2,2,0.9893244365707652
2022-06-27,18,0,0,0,0.9737417771905983
2022-06-28,18,2,0,0,0.9774195465215769
2022-06-29,16,3,0,0,0.9364923485546381
2022-06-30,16,1,0,0,0.9209498383905024
2022-07-01,12,2,0,0,0.9246160635358723
2022-07-02,25,2,0,0,0.978844205582275
2022-07-03,12,2,0,0,0.944756790575722
2022-07-04,14,2,0,0,0.9928684940694785
2022-07-05,17,1,0,0,0.9567596552141026
2022-07-06,22,5,1,1,0.9760707802195252
2022-07-07,15,1,2,2,0.9226510735130524
2022-07-08,17,2,1,1,0.9964245765264912
2022-07-09,18,3,2,2,0.9196211521496473
2022-07-10,14,3,0,0,0.9027996841375299
2022-07-11,27,5,1,1,0.9307180689782105
2022-07-12,16,5,0,0,0.9503123818367275
2022-07-13,15,1,1,1,0.9761448945020081
2022-07-14,7,1,0,0,0.9762528360910412
2022-07-15,14,2,0,0,0.9426336031809854
2022-07-16,17,1,0,0,0.9085863057311544
2022-07-17,16,2,0,0,0.9969739662180431
2022-07-18,13,0,0,0,0.9523181419900913
2022-07-19,25,7,3,0,0.9936700680732471
2022-07-20,15,3,1,1,0.9181565460765931
2022-07-21,21,2,1,1,0.9852890617010847
2022-07-22,16,1,0,0,0.9825902703788891
2022-07-23,19,1,1,1,0.9949718906119793
2022-07-24,12,0,0,0,0.9244057865504254
2022-07-25,10,2,0,0,0.9069209762486581
2022-07-26,20,4,0,0,0.9746113869718489
2022-07-27,20,4,1,1,0.9941811100760679
2022-07-28,23,2,2,2,0.9730669613432368
2022-07-29,26,3,2,2,0.9251095151293941
2022-07-30,26,4,2,1,0.960540806504461
2022-07-31,13,0,0,0,0.9232920638278757
2022-08-01,30,4,1,1,0.9194439896461148
2022-08-02,22,3,1,1,0.9733855784686349
2022-08-03,19,5,0,0,0.9548874885727654
2022-08-04,22,1,0,0,0.9495854253051035
2022-08-05,15,3,0,0,0.9386003302328609
2022-08-06,16,4,0,0,0.9237844283305799
2022-08-07,22,5,1,1,0.985603443553346
2022-08-08,20,4,1,1,0.969279765370819
2022-08-09,16,4,1,0,0.9570142768908836
2022-08-10,20,1,1,1,0.9459909570314204
2022-08-11,21,3,0,0,0.9737506752042595
2022-08-12,18,2,0,0,0.9641090337487234
2022-08-13,11,0,1,1,0.9096166854542743
2022-08-14,18,2,0,0,0.9258577248120026
2022-08-15,16,1,0,0,0.9360521340550316
2022-08-16,13,2,1,1,0.92758746851802
2022-08-17,18,4,0,0,0.9224088211605806
2022-08-18,21,0,0,0,0.9585120276224788
2022-08-19,20,2,0,0,0.9654346504238825
2022-08-20,18,1,0,0,0.9805375088697194
2022-08-21,20,1,1,0,0.9740507827275935
2022-08-22,20,1,1,1,0.9517382907355594
2022-08-23,13,2,0,0,0.9067354083120531
2022-08-24,19,2,0,0,0.9001627338953484
2022-08-25,19,5,1,1,0.9383912260112758
2022-08-26,11,0,0,0,0.9663658490741603
2022-08-27,24,4,1,1,0.9204952201598073
2022-08-28,23,3,0,0,0.9150368505563152
2022-08-29,24,2,2,2,0.9525746241507798
2022-08-30,16,3,1,1,0.9980906455886789
2022-08-31,16,2,1,1,0.9941726541199627
2022-09-01,19,2,0,0,0.9741742944022904
2022-09-02,20,4,0,0,0.9943974626184965
2022-09-03,20,6,0,0,0.9626675578195828
2022-09-04,15,3,0,0,0.9426350199463001
2022-09-05,27,2,1,1,0.9159844300737794
2022-09-06,20,2,3,2,0.9074443725246908
2022-09-07,8,1,0,0,0.992872832671268
2022-09-08,23,6,1,0,0.9217906368127936
2022-09-09,18,2,0,0,0.9704775703863913
2022-09-10,19,2,0,0,0.9105480620669155
2022-09-11,21,4,0,0,0.9948852941331654
2022-09-12,20,5,1,1,0.9746153666549613
2022-09-13,19,3,1,1,0.976897342628634
2022-09-14,18,3,1,1,0.9150822351998936
2022-09-15,30,2,2,1,0.9866430944218382
2022-09-16,15,1,0,0,0.9459048800243326
2022-09-17,26,6,0,0,0.9251653955116962
2022-09-18,19,5,0,0,0.9745496672379783
2022-09-19,18,5,1,1,0.9363272201468733
2022-09-20,24,4,0,0,0.9858574122142673
2022-09-21,25,4,1,1,0.9132469385590415
2022-09-22,16,1,1,1,0.9410571056779867
2022-09-23,27,3,0,0,0.9139123840918557
2022-09-24,20,1,0,0,0.9248293049596793
2022-09-25,24,1,2,2,0.9265816659649451
2022-09-26,12,0,0,0,0.9447700797492677
2022-09-27,22,3,1,1,0.9332898310631643
2022-09-28,19,1,0,0,0.9433361652187587
2022-09-29,20,1,1,1,0.9922281094636318
2022-09-30,22,2,1,1,0.9723115569383226
2022-10-01,17,2,1,1,0.9202014311577038
2022-10-02,19,2,2,2,0.9165487945775321
2022-10-03,20,3,0,0,0.9955224510381158
2022-10-04,22,3,1,1,0.9155505174191525
2022-10-05,15,5,0,0,0.9446967622226145
2022-10-06,23,2,1,1,0.9987598541500242
2022-10-07,12,0,0,0,0.9459264649113355
2022-10-08,7,1,0,0,0.9575371304495051
2022-10-09,25,2,0,0,0.9863206953287946
2022-10-10,15,4,0,0,0.9245351346438048
2022-10-11,20,1,0,0,0.991493134178793
2022-10-12,16,2,0,0,0.9030777810114688
2022-10-13,23,2,0,0,0.929951631565386
2022-10-14,19,2,1,1,0.9591632417922796
2022-10-15,13,1,0,0,0.9530335050637396
2022-10-16,11,2,0,0,0.9437059025763405
2022-10-17,14,3,0,0,0.9371322838193739
2022-10-18,22,2,0,0,0.9407414469938027
2022-10-19,13,3,0,0,0.9952239897200933
2022-10-20,12,4,0,0,0.9366247430903911
2022-10-21,15,2,1,0,0.9451504893225087
2022-10-22,14,1,0,0,0.9666492426610838
2022-10-23,14,1,0,0,0.9501665745905902
2022-10-24,21,1,0,0,0.9712020205083753
2022-10-25,24,2,0,0,0.9450516460436115
2022-10-26,23,2,0,0,0.9428013584525767
2022-10-27,15,2,0,0,0.9909035644417056
2022-10-28,15,3,0,0,0.927018055681297
2022-10-29,17,1,0,0,0.9071037562793998
2022-10-30,12,1,1,1,0.9147568536005287
2022-10-31,20,1,1,1,0.9525145796688353
2022-11-01,16,2,0,0,0.9839802587748046
2022-11-02,23,3,1,0,0.95772794355056
2022-11-03,16,0,2,2,0.9692424616467574
2022-11-04,13,1,0,0,0.9677551867122922
2022-11-05,15,2,1,1,0.9040092198317956
2022-11-06,19,1,0,0,0.9861038978553659
2022-11-07,18,1,1,1,0.9860273876461658
2022-11-08,14,3,0,0,0.9777117628835003
2022-11-09,15,2,0,0,0.9026767577589769
2022-11-10,36,8,1,1,0.9902906606831045
2022-11-11,13,5,1,1,0.9425351332531906
2022-11-12,17,1,0,0,0.9653540511962438
2022-11-13,21,1,0,0,0.9440166123900622
2022-11-14,19,5,0,0,0.9338370877897278
2022-11-15,15,3,0,0,0.9438068264427119
2022-11-16,22,5,1,1,0.9138930583597785
2022-11-17,16,4,0,0,0.9846374047102601
2022-11-18,15,4,0,0,0.9985646916910281
2022-11-19,21,2,0,0,0.9461322991668366
2022-11-20,18,2,0,0,0.9936855558203398
2022-11-21,19,1,1,1,0.9087549547901069
2022-11-22,25,3,1,1,0.9973850899674858
2022-11-23,9,0,0,0,0.9139286011392763
2022-11-24,15,1,0,0,0.9847320211941015
2022-11-25,19,4,0,0,0.9325721957673483
2022-11-26,17,1,2,2,0.9897170907464727
2022-11-27,32,3,1,1,0.9239461924004148
2022-11-28,19,3,0,0,0.9722980307744687
2022-11-29,12,1,0,0,0.9664032837627481
2022-11-30,23,4,1,1,0.9241103760189233
2022-12-01,20,4,0,0,0.9470240809263264
2022-12-02,21,2,0,0,0.9066043076177773
2022-12-03,16,1,0,0,0.9719767911801113
2022-12-04,18,2,2,2,0.9272017921369862
2022-12-05,18,2,0,0,0.9688314772120858
2022-12-06,14,1,0,0,0.9584478127884415
2022-12-07,18,2,2,1,0.951903711278826
2022-12-08,22,5,0,0,0.9836665451531343
2022-12-09,16,3,0,0,0.9987416735685476
2022-12-10,17,1,0,0,0.9304076583103769
2022-12-11,13,1,0,0,0.9849580030687259
2022-12-12,18,2,1,1,0.9446088445506494
2022-12-13,21,3,0,0,0.9357012692329374
2022-12-14,18,4,0,0,0.9014722869332226
2022-12-15,22,4,0,0,0.9942848147952323
2022-12-16,12,3,0,0,0.9573541676087781
2022-12-17,24,1,1,1,0.9360647944445427
2022-12-18,16,3,0,0,0.9912756934654479
2022-12-19,14,0,0,0,0.9356322822048634
2022-12-20,7,0,0,0,0.9133670407118867
2022-12-21,22,5,0,0,0.9703988132548631
2022-12-22,19,3,0,0,0.9605845575772041
2022-12-23,23,2,1,1,0.9002771241021541
2022-12-24,14,0,0,0,0.9362848826627548
2022-12-25,15,3,1,1,0.9156687938073392
2022-12-26,18,2,0,0,0.9858260116251383
2022-12-27,14,3,2,2,0.9085819766942983
2022-12-28,17,5,1,1,0.9503981030688441
2022-12-29,12,3,0,0,0.909107414030007
2022-12-30,17,3,0,0,0.943007940200617
2022-12-31,13,2,0,0,0.9697320566393675
2023-01-01,10,2,0,0,0.9100882416039486
2023-01-02,12,0,0,0,0.9021938167045296
2023-01-03,17,1,1,1,0.9892671681880578
2023-01-04,17,1,0,0,0.9907864354421987
2023-01-05,15,2,0,0,0.9034351155409288
2023-01-06,20,3,0,0,0.909007232701162
2023-01-07,16,1,0,0,0.9360038302545615
2023-01-08,20,5,1,1,0.9415102944215515
2023-01-09,25,5,0,0,0.9090440255418922
2023-01-10,17,3,1,0,0.9255964164678546
2023-01-11,20,2,0,0,0.9048197850005254
2023-01-12,13,1,1,1,0.9695579590185373
2023-01-13,13,3,0,0,0.9592707704186835
2023-01-14,22,4,0,0,0.9648229170296746
2023-01-15,15,2,1,0,0.9426206774937284
2023-01-16,24,2,0,0,0.9721090773445487
2023-01-17,15,0,0,0,0.9863442849896649
2023-01-18,26,5,0,0,0.9844293122813337
2023-01-19,16,3,0,0,0.9082396479879665
2023-01-20,7,0,0,0,0.9252914385232944
2023-01-21,19,1,1,1,0.989607977194016
2023-01-22,15,1,0,0,0.9924006826900732
2023-01-23,17,2,0,0,0.9847991130531432
2023-01-24,17,3,0,0,0.986505984744221
2023-01-25,14,1,0,0,0.9722595089250956
2023-01-26,21,2,0,0,0.955098272931808
2023-01-27,14,1,0,0,0.9667894680183372
2023-01-28,17,1,0,0,0.9673110294983415
2023-01-29,13,2,0,0,0.9025768937175603
2023-01-30,14,0,1,0,0.9663880009333132
2023-01-31,14,0,0,0,0.9605502352982285
2023-02-01,23,3,0,0,0.9820522982491955
2023-02-02,18,3,0,0,0.9494255488997251
2023-02-03,13,1,0,0,0.9230079806748128
2023-02-04,14,3,0,0,0.9827354475205051
2023-02-05,15,3,0,0,0.9338197386085157
2023-02-06,12,2,0,0,0.9749932397674245
2023-02-07,20,4,2,2,0.9906932746174776
2023-02-08,21,4,1,1,0.9424023955279858
2023-02-09,16,1,2,1,0.9654005703168739
2023-02-10,13,4,0,0,0.9341880061870288
2023-02-11,11,2,1,0,0.9038041379194428
2023-02-12,28,4,1,1,0.9582672157242952
2023-02-13,14,2,0,0,0.93216688640093
2023-02-14,18,1,0,0,0.9367430283999807
2023-02-15,16,0,1,0,0.9628991897627472
2023-02-16,17,5,0,0,0.9087131458699755
2023-02-17,19,2,1,1,0.9364835972891691
2023-02-18,29,3,1,1,0.9633715770613631
2023-02-19,18,2,0,0,0.9734410916206873
2023-02-20,17,2,1,1,0.9440677633141539
2023-02-21,23,2,2,1,0.960581955835644
2023-02-22,27,3,0,0,0.9432525235041035
2023-02-23,21,3,0,0,0.9676601998570296
2023-02-24,19,5,0,0,0.9435313621996942
2023-02-25,22,0,1,0,0.99492020700796
2023-02-26,15,2,0,0,0.933383296397235
2023-02-27,15,1,1,1,0.9321093987866591
2023-02-28,17,0,0,0,0.9959878531294609
2023-03-01,18,2,1,0,0.972620653850354
2023-03-02,21,1,0,0,0.9118045280585557
2023-03-03,17,1,0,0,0.9169904420285534
2023-03-04,11,1,0,0,0.9564952969986882
2023-03-05,20,4,1,0,0.9028989708470704
2023-03-06,13,2,1,1,0.9364640800544822
2023-03-07,14,1,0,0,0.9806109107492933
2023-03-08,15,3,1,1,0.9529518142871968
2023-03-09,20,4,0,0,0.9059000746878166
2023-03-10,16,2,0,0,0.9969902095643126
2023-03-11,10,2,0,0,0.9488373585443406
2023-03-12,19,4,0,0,0.9378002106162004
2023-03-13,17,4,1,1,0.943188948452105
2023-03-14,20,2,0,0,0.9746367415487297
2023-03-15,21,6,1,1,0.9149798735768786
2023-03-16,27,2,0,0,0.907635704490291
2023-03-17,12,1,0,0,0.9599809102634025
2023-03-18,13,0,0,0,0.9781789808838021
2023-03-19,29,5,1,1,0.9017318867305242
2023-03-20,21,1,2,2,0.9641635684106633
2023-03-21,22,6,0,0,0.9618048331846248
2023-03-22,21,3,0,0,0.9252407457298921
2023-03-23,14,2,0,0,0.9523512012112084
2023-03-24,14,3,0,0,0.907653778228517
2023-03-25,13,1,0,0,0.9257056654138089
2023-03-26,18,1,2,1,0.9581916643494844
2023-03-27,24,8,1,1,0.9242004472999907
2023-03-28,15,3,0,0,0.9442976733136973
2023-03-29,17,2,0,0,0.9272207353463502
2023-03-30,20,1,0,0,0.9942652039332872
2023-03-31,22,1,1,1,0.9403851549606961
2023-04-01,20,4,0,0,0.9044119034498742
2023-04-02,23,3,0,0,0.9490648001383006
2023-04-03,14,2,0,0,0.9251091861335851
2023-04-04,14,3,1,1,0.9172815283461825
2023-04-05,14,3,0,0,0.9346884539607336
2023-04-06,23,6,0,0,0.9666427338412613
2023-04-07,11,5,0,0,0.9619556903423309
2023-04-08,24,1,0,0,0.9301958579619767
2023-04-09,22,2,0,0,0.9567877757460139
2023-04-10,13,0,1,1,0.9456766480037014
2023-04-11,16,2,0,0,0.9899572970321672
2023-04-12,24,3,0,0,0.9642282624672678
2023-04-13,21,1,0,0,0.9686461714967481
2023-04-14,16,1,1,1,0.9371399900450116
2023-04-15,16,0,0,0,0.9190640380612446
2023-04-16,22,2,1,1,0.9636648875108362
2023-04-17,16,0,0,0,0.9779272322055659
2023-04-18,18,2,1,1,0.9042720119406208
2023-04-19,16,1,0,0,0.9428984808946671
2023-04-20,17,2,1,1,0.9504244765826783
2023-04-21,20,1,1,1,0.9831166540087045
2023-04-22,19,4,1,1,0.9422144726917068
2023-04-23,10,2,0,0,0.9793890037455605
2023-04-24,22,4,1,1,0.9112032417293662
2023-04-25,17,1,2,2,0.969996079435034
2023-04-26,22,2,0,0,0.9013934648700521
2023-04-27,17,3,0,0,0.98852724673884
2023-04-28,21,0,0,0,0.9457868252020338
2023-04-29,17,4,0,0,0.9969775813964343
2023-04-30,13,2,0,0,0.9341469833171783
2023-05-01,17,5,0,0,0.9689690599636517
2023-05-02,9,2,0,0,0.9392651380319385
2023-05-03,17,0,0,0,0.9525021937853487
2023-05-04,16,5,0,0,0.9672924554585735
2023-05-05,15,2,0,0,0.9275211281615979
2023-05-06,9,1,0,0,0.9769197985965458
2023-05-07,17,3,0,0,0.9844687364337751
2023-05-08,16,1,0,0,0.9476914169753813
2023-05-09,20,3,0,0,0.9344717673530798
2023-05-10,15,3,0,0,0.9006536556119701
2023-05-11,17,2,0,0,0.9273814356813926
2023-05-12,15,0,1,1,0.9013582186453347
2023-05-13,13,2,0,0,0.9224459461350939
2023-05-14,21,3,0,0,0.9649860103964406
2023-05-15,17,1,0,0,0.9318678056680723
2023-05-16,19,1,1,1,0.9626599346035066
2023-05-17,23,5,0,0,0.9271558580276202
2023-05-18,13,2,0,0,0.9521977030940234
2023-05-19,17,2,0,0,0.9969869063960994
2023-05-20,18,6,0,0,0.9643773328284319
2023-05-21,23,0,0,0,0.9245532710293773
2023-05-22,10,1,0,0,0.9025418406279624
2023-05-23,20,4,0,0,0.9912382863666296
2023-05-24,17,1,0,0,0.9458723430185184
2023-05-25,25,0,2,2,0.9614692677627589
2023-05-26,25,2,2,1,0.9609553647157366
2023-05-27,22,2,2,2,0.9975379350226978
2023-05-28,19,3,1,0,0.9859716803207317
2023-05-29,22,2,0,0,0.9678513833776053
2023-05-30,16,1,1,0,0.9420473200207927
2023-05-31,18,2,0,0,0.976245538215758
2023-06-01,14,1,1,1,0.9640694871411902
2023-06-02,16,0,0,0,0.9012994446446299
2023-06-03,22,2,0,0,0.9113855159983928
2023-06-04,14,2,0,0,0.9803262713866816
2023-06-05,16,0,0,0,0.9628279630204083
2023-06-06,14,2,0,0,0.9691460755986867
2023-06-07,28,1,1,1,0.9507918773808017
2023-06-08,19,2,0,0,0.9514243090215332
2023-06-09,16,1,0,0,0.9247241108130245
2023-06-10,23,2,0,0,0.9799675625605113
2023-06-11,12,5,1,1,0.9959668429002475
2023-06-12,18,3,1,1,0.9727896060328152
2023-06-13,20,1,0,0,0.9375481060357038
2023-06-14,18,4,0,0,0.9897157701141136
2023-06-15,20,3,0,0,0.9327196411217615
2023-06-16,16,2,0,0,0.9266769557061298
2023-06-17,19,4,0,0,0.9348216867396589
2023-06-18,16,1,1,1,0.974174696474178
2023-06-19,15,1,4,2,0.9290957753929314
2023-06-20,9,2,1,1,0.9871656419626091
2023-06-21,34,6,0,0,0.9681397061382484
2023-06-22,17,0,0,0,0.9604222726966749
2023-06-23,25,3,0,0,0.9415271588619565
2023-06-24,21,6,3,3,0.9509945431970663
2023-06-25,15,3,0,0,0.9502511561906669
2023-06-26,13,3,0,0,0.9367330956087584
2023-06-27,15,2,1,1,0.9009288878946528
2023-06-28,22,2,0,0,0.9805770263652217
2023-06-29,13,2,0,0,0.9584756987649681
2023-06-30,16,3,0,0,0.9267027158533404
2023-07-01,21,3,1,1,0.9068232864840547
2023-07-02,11,1,0,0,0.9263976941449655
2023-07-03,13,1,0,0,0.9407175167484065
2023-07-04,21,2,0,0,0.997534399768786
2023-07-05,21,5,1,1,0.9920818844121186
2023-07-06,23,3,0,0,0.9394593780975897
2023-07-07,20,5,0,0,0.9872349680512099
2023-07-08,21,4,1,1,0.9985506626146399
2023-07-09,21,5,1,0,0.9223473207896055
2023-07-10,17,2,0,0,0.9730745337399782
2023-07-11,18,0,0,0,0.9868291500692796
2023-07-12,19,3,0,0,0.9283519331365819
2023-07-13,23,3,0,0,0.9563962602656241
2023-07-14,17,5,2,2,0.9474480966777793
2023-07-15,9,3,0,0,0.9115215065593875
2023-07-16,17,3,0,0,0.9033704800695738
2023-07-17,21,4,1,0,0.9310400322081679
2023-07-18,10,0,0,0,0.9721395597709626
2023-07-19,14,2,1,1,0.9004665867828759
2023-07-20,17,2,0,0,0.9110103967904297
2023-07-21,15,1,0,0,0.9515170733546132
2023-07-22,19,4,1,0,0.9987771002287988
2023-07-23,11,1,0,0,0.9816717823311987
2023-07-24,14,2,0,0,0.9225597480426895
2023-07-25,16,3,0,0,0.961650099559775
2023-07-26,27,1,0,0,0.9827416551414367
2023-07-27,24,2,1,1,0.9665547520632177
2023-07-28,22,3,2,1,0.9012816422303513
2023-07-29,14,2,0,0,0.9088563103208003
2023-07-30,20,3,0,0,0.9039339282856205
2023-07-31,10,1,1,1,0.9484276132279935
2023-08-01,13,1,0,0,0.9530798648624916
2023-08-02,14,1,0,0,0.9016505592250978
2023-08-03,14,2,0,0,0.9131285261897328
2023-08-04,16,3,0,0,0.9226981594014461
2023-08-05,17,4,1,1,0.9336924442043826
2023-08-06,21,3,1,1,0.9434309343113974
2023-08-07,14,2,0,0,0.9954613299952286
2023-08-08,20,1,0,0,0.9524064060444903
2023-08-09,21,4,0,0,0.9715160389290726
2023-08-10,21,4,1,1,0.9113389143947086
2023-08-11,21,3,2,2,0.9283547734548208
2023-08-12,11,1,0,0,0.910033220996667
2023-08-13,18,4,1,0,0.9997110556851747
2023-08-14,13,0,0,0,0.9606743421846662
2023-08-15,17,0,1,1,0.9472004275606882
2023-08-16,26,0,1,0,0.905295698233307
2023-08-17,20,0,2,2,0.9472437368849697
2023-08-18,18,2,0,0,0.9725859958703313
2023-08-19,21,3,1,1,0.9835493306550533
2023-08-20,19,2,1,1,0.9439920686190668
2023-08-21,5,1,1,1,0.9791249329699515
2023-08-22,15,1,0,0,0.9800295162201977
2023-08-23,15,3,1,1,0.993693605970925
2023-08-24,13,2,0,0,0.9530812086508431
2023-08-25,11,0,0,0,0.9024154259192182
2023-08-26,14,1,0,0,0.9403546140248762
2023-08-27,15,3,3,2,0.9217615306174197
2023-08-28,16,2,1,0,0.964378247260742
2023-08-29,19,1,1,1,0.9035732276104
2023-08-30,28,3,4,3,0.927901560172552
2023-08-31,25,0,2,2,0.9078395806623994
2023-09-01,16,0,0,0,0.9742773421571913
2023-09-02,13,4,0,0,0.9435728579968722
2023-09-03,16,0,0,0,0.9261286841108948
2023-09-04,20,2,0,0,0.9382063491970525
2023-09-05,14,2,0,0,0.9447192263685574
2023-09-06,12,0,0,0,0.9031017349547512
2023-09-07,17,2,1,1,0.9363676942665209
2023-09-08,16,2,0,0,0.9770056538405038
2023-09-09,24,5,0,0,0.9546018376636604
2023-09-10,18,3,0,0,0.9616971506055323
2023-09-11,21,1,1,1,0.9878070148594507
2023-09-12,24,5,1,0,0.9737531841225151
2023-09-13,15,3,1,0,0.9256189216692718
2023-09-14,9,1,0,0,0.9569752026232652
2023-09-15,16,3,1,1,0.9824555239924877
2023-09-16,12,3,0,0,0.9587668702807218
2023-09-17,11,3,0,0,0.9506529975614849
2023-09-18,16,4,2,2,0.9669171564865253
2023-09-19,16,3,1,1,0.9435527127555514
2023-09-20,18,5,3,3,0.9718028648809267
2023-09-21,17,2,2,1,0.9561250586742308
2023-09-22,13,1,0,0,0.9990417052670709
2023-09-23,18,1,1,1,0.9093540799646338
2023-09-24,19,3,1,1,0.9640363429595431
2023-09-25,14,4,1,1,0.9326435627328695
2023-09-26,19,4,0,0,0.9379082248283943
2023-09-27,24,4,0,0,0.9992883516177151
2023-09-28,22,2,1,0,0.9860557370529726
2023-09-29,15,2,0,0,0.9542822488559715
2023-09-30,18,2,0,0,0.9221942142880565
2023-10-01,14,0,1,1,0.9781352593670863
2023-10-02,17,2,0,0,0.9153170992813212
2023-10-03,19,4,0,0,0.9958483135749556
2023-10-04,21,4,1,0,0.9134934463898915
2023-10-05,15,3,1,1,0.9742885925444784
2023-10-06,22,1,0,0,0.9679327332207326
2023-10-07,14,2,0,0,0.9464646975088551
2023-10-08,21,2,1,1,0.9509907285190724
2023-10-09,17,2,0,0,0.9642464117668074
2023-10-10,13,1,0,0,0.9623049779098652
2023-10-11,14,2,0,0,0.9359178598156715
2023-10-12,12,0,0,0,0.9982200308988258
2023-10-13,14,1,1,1,0.9943953265540101
2023-10-14,19,4,1,1,0.9047384064111497
2023-10-15,15,2,1,1,0.9850384520559576
2023-10-16,17,1,0,0,0.9430866115399099
2023-10-17,17,2,0,0,0.9170814368492767
2023-10-18,23,2,0,0,0.9238073022626091
2023-10-19,21,6,0,0,0.9526651929701496
2023-10-20,20,3,0,0,0.9115995959353574
2023-10-21,15,1,1,1,0.9325925102110825
2023-10-22,14,2,0,0,0.9234968310152707
2023-10-23,10,1,0,0,0.9952929669032418
2023-10-24,16,1,0,0,0.9306122184681573
2023-10-25,20,5,0,0,0.9818468888018079
2023-10-26,26,3,1,0,0.9833528454422977
2023-10-27,21,3,1,1,0.9765907067848321
2023-10-28,16,3,0,0,0.9281414897743653
2023-10-29,16,0,0,0,0.9303337916113656
2023-10-30,19,0,1,1,0.9930242987617958
2023-10-31,21,1,1,1,0.9635358646824991
2023-11-01,16,4,0,0,0.9958259208709311
2023-11-02,16,3,0,0,0.9610144356397284
2023-11-03,17,3,1,1,0.9909044500915827
2023-11-04,12,3,0,0,0.9976604443433549
2023-11-05,10,0,1,1,0.9690938209107264
2023-11-06,18,2,2,2,0.9938597795609108
2023-11-07,19,1,0,0,0.9851971607926445
2023-11-08,16,0,1,1,0.9117701109202583
2023-11-09,21,3,0,0,0.97609422965987
2023-11-10,13,2,0,0,0.9575151715641846
2023-11-11,14,2,1,0,0.9237778208887895
2023-11-12,15,2,0,0,0.9678183624471811
2023-11-13,28,6,0,0,0.9268312129263601
2023-11-14,9,2,0,0,0.9651635740784158
2023-11-15,15,0,0,0,0.9085387532728371
2023-11-16,23,2,0,0,0.9285560240277951
2023-11-17,18,4,0,0,0.929805061460652
2023-11-18,28,3,1,1,0.9646542552573404
2023-11-19,29,1,1,1,0.9051157129666484
2023-11-20,15,2,0,0,0.9196754942720883
2023-11-21,12,3,0,0,0.9152482019254331
2023-11-22,16,2,0,0,0.9025981378546739
2023-11-23,19,2,0,0,0.9248880919231015
2023-11-24,12,1,0,0,0.9125018604418945
2023-11-25,21,3,1,1,0.9923981540654102
2023-11-26,16,4,0,0,0.966280678371565
2023-11-27,19,1,1,0,0.9472849668929938
2023-11-28,21,1,0,0,0.9639512029067544
2023-11-29,23,4,1,1,0.9221818425280562
2023-11-30,25,2,0,0,0.9854533422335053
2023-12-01,24,2,0,0,0.9928503356814244
2023-12-02,21,1,0,0,0.9342433198082958
2023-12-03,15,1,0,0,0.9170195773190435
2023-12-04,13,3,0,0,0.9935465488468669
2023-12-05,14,0,0,0,0.99009191614219
2023-12-06,16,2,0,0,0.9431522526002127
2023-12-07,13,2,1,1,0.9832609843372014
2023-12-08,14,2,0,0,0.9516301953647944
2023-12-09,13,3,0,0,0.9030854517348458
2023-12-10,16,2,1,1,0.9721695492158782
2023-12-11,14,0,0,0,0.9554583672653866
2023-12-12,32,3,3,2,0.9608318502334263
2023-12-13,16,2,0,0,0.936363403861419
2023-12-14,14,4,1,1,0.9052168361195283
2023-12-15,14,1,0,0,0.9115004857148963
2023-12-16,26,5,1,1,0.9973154286490318
2023-12-17,14,3,0,0,0.9707410463366972
2023-12-18,22,3,1,1,0.9826268624248985
2023-12-19,16,3,0,0,0.9015568371057309
2023-12-20,12,2,0,0,0.9972675342428756
2023-12-21,19,2,0,0,0.9875410134402298
2023-12-22,15,2,0,0,0.9947476044706901
2023-12-23,10,1,0,0,0.9840843957190748
2023-12-24,15,1,0,0,0.9868350454615094
2023-12-25,18,1,1,1,0.9083638508305699
2023-12-26,13,3,0,0,0.9903111583877541
2023-12-27,17,3,0,0,0.9227464899444194
2023-12-28,12,0,0,0,0.9465342006680133
2023-12-29,14,3,1,1,0.9118005070207914
2023-12-30,27,7,0,0,0.9595558517020013
2023-12-31,22,5,1,0,0.9639078317683154
2024-01-01,9,1,0,0,0.9705948173022052
2024-01-02,23,1,0,0,0.9169364468710766
2024-01-03,18,1,1,1,0.9988075823705236
2024-01-04,18,4,0,0,0.929969217130932
2024-01-05,6,1,0,0,0.9199359170188249
2024-01-06,16,1,0,0,0.9681695532590969
2024-01-07,28,2,0,0,0.9765325460591201
2024-01-08,17,4,2,1,0.9487802252642178
2024-01-09,21,2,1,0,0.9319620713610272
2024-01-10,22,3,3,3,0.9979784947018879
2024-01-11,14,2,1,1,0.983974973706781
2024-01-12,20,3,2,2,0.984130737482384
2024-01-13,17,1,0,0,0.9975285425943395
2024-01-14,22,5,3,3,0.9841419249121972
2024-01-15,9,2,0,0,0.9177415710918914
2024-01-16,16,3,0,0,0.9533981495402003
2024-01-17,17,2,0,0,0.9454254719885979
2024-01-18,12,0,0,0,0.9207360185386648
2024-01-19,19,1,1,1,0.9109967466424594
2024-01-20,17,1,0,0,0.9436470160184302
2024-01-21,30,4,0,0,0.9824627918811767
2024-01-22,23,4,1,1,0.9473660691849867
2024-01-23,21,2,2,2,0.9816714457249106
2024-01-24,19,2,2,0,0.9717105634945356
2024-01-25,21,4,0,0,0.922468260270222
2024-01-26,16,1,0,0,0.9427056403068974
2024-01-27,19,0,1,1,0.9493000221106691
2024-01-28,16,1,1,0,0.9838782759904484
2024-01-29,16,2,0,0,0.9334038465615717
2024-01-30,23,1,0,0,0.9972199766993509
2024-01-31,17,1,1,1,0.9794255462835835
2024-02-01,25,6,0,0,0.9785474878394678
2024-02-02,20,1,1,1,0.9311670325285584
2024-02-03,14,1,2,1,0.9257233947995865
2024-02-04,16,4,0,0,0.9564582030885904
2024-02-05,25,5,0,0,0.9065593365688742
2024-02-06,17,2,1,1,0.940023330737093
2024-02-07,22,0,0,0,0.9708229008515571
2024-02-08,18,3,0,0,0.9697982210884066
2024-02-09,19,2,0,0,0.9926024612982421
2024-02-10,15,2,0,0,0.93567423697145
2024-02-11,16,5,0,0,0.9205989665671469
2024-02-12,12,0,0,0,0.9637720654587347
2024-02-13,19,1,0,0,0.9994105653345613
2024-02-14,19,2,0,0,0.9219822169939618
2024-02-15,11,0,0,0,0.9484704797598568
2024-02-16,15,5,1,0,0.936588523281918
2024-02-17,19,2,1,1,0.9060868327827218
2024-02-18,18,3,2,2,0.999084392927232
2024-02-19,13,3,0,0,0.9154644862494689
2024-02-20,15,2,1,1,0.9355352900378275
2024-02-21,16,2,1,0,0.9375689357049621
2024-02-22,16,1,0,0,0.9723603583327772
2024-02-23,26,7,0,0,0.9480446986912024
2024-02-24,14,2,0,0,0.9839083642576308
2024-02-25,16,1,2,2,0.9075258300831606
2024-02-26,14,1,0,0,0.9451536045196044
2024-02-27,16,1,0,0,0.9740647742624227
2024-02-28,20,2,2,2,0.9783690710359124
2024-02-29,20,2,0,0,0.9284611340492209
2024-03-01,17,3,1,1,0.9201538329341381
2024-03-02,13,0,1,1,0.997362164155953
2024-03-03,21,4,0,0,0.9854181181252205
2024-03-04,10,2,0,0,0.9227105273030778
2024-03-05,22,3,1,1,0.9339944644672696
2024-03-06,21,5,0,0,0.9110415911112691
2024-03-07,17,3,1,0,0.9379734486498599
2024-03-08,13,0,0,0,0.9687552551416038
2024-03-09,20,2,0,0,0.9159708728808561
2024-03-10,15,2,0,0,0.9379445080003029
2024-03-11,17,4,0,0,0.9710228974801147
2024-03-12,12,1,1,0,0.9375631961928867
2024-03-13,24,6,2,2,0.9569479568602751
2024-03-14,25,3,0,0,0.9748712471411067
2024-03-15,18,4,0,0,0.9312931359398039
2024-03-16,13,2,0,0,0.9377337286825339
2024-03-17,13,3,1,1,0.9864623026192267
2024-03-18,15,3,0,0,0.9880166082082256
2024-03-19,12,2,0,0,0.9026919507181498
2024-03-20,22,5,1,1,0.9353142118268619
2024-03-21,18,0,0,0,0.9575484911630885
2024-03-22,18,2,0,0,0.9989882788893989
2024-03-23,17,2,0,0,0.9683860006501248
2024-03-24,16,0,0,0,0.9245649603776249
2024-03-25,16,3,0,0,0.9744082924140286
2024-03-26,13,6,1,1,0.9263429823747175
2024-03-27,20,3,0,0,0.9921111967559332
2024-03-28,17,4,0,0,0.905935949796983
2024-03-29,13,1,0,0,0.9807628288453094
2024-03-30,18,2,0,0,0.9217701279359668
2024-03-31,20,4,0,0,0.9777808326273563
2024-04-01,11,3,0,0,0.9823284052651851
2024-04-02,24,1,1,1,0.977920989564675
2024-04-03,21,4,3,2,0.9231867107957372
2024-04-04,20,2,1,0,0.9495131149440501
2024-04-05,15,1,1,0,0.973993877420724
2024-04-06,17,4,0,0,0.9479641664189877
2024-04-07,19,2,0,0,0.971712856357297
2024-04-08,12,1,0,0,0.9079663011663597
2024-04-09,12,0,1,1,0.9591135137860399
2024-04-10,17,2,0,0,0.9845687333154126
2024-04-11,26,3,0,0,0.9226742502674634
2024-04-12,15,3,1,0,0.9154127754558756
2024-04-13,12,0,0,0,0.9191010612360359
2024-04-14,25,0,1,1,0.9204591015621941
2024-04-15,14,1,0,0,0.960672154427464
2024-04-16,17,3,1,0,0.9928156938095867
2024-04-17,19,0,0,0,0.9951745800468228
2024-04-18,21,0,0,0,0.900535577277754
2024-04-19,28,4,0,0,0.9541366795979834
2024-04-20,11,1,1,0,0.982039952776111
2024-04-21,22,2,1,1,0.9056887193248921
2024-04-22,18,3,0,0,0.9494287021484702
2024-04-23,29,2,1,1,0.9731654030037119
2024-04-24,11,1,0,0,0.9215252381389657
2024-04-25,24,3,1,1,0.9738791634909479
2024-04-26,24,2,1,1,0.9408116175160074
2024-04-27,26,3,0,0,0.9203548604758781
2024-04-28,14,2,2,1,0.9186278357690981
2024-04-29,18,1,1,1,0.9015521652050056
2024-04-30,20,2,1,0,0.9781807567147018
2024-05-01,17,3,2,2,0.9954059647366933
2024-05-02,19,1,1,1,0.9910340896720782
2024-05-03,23,3,0,0,0.9722257060658286
2024-05-04,19,2,0,0,0.9230026275068495
2024-05-05,17,1,1,1,0.9566020778623134
2024-05-06,22,3,2,0,0.9067142968390286
2024-05-07,14,1,1,0,0.9439355276532948
2024-05-08,17,2,0,0,0.9881842565386615
2024-05-09,17,1,1,0,0.9008893841850089
2024-05-10,24,1,0,0,0.9870221509640077
2024-05-11,14,1,0,0,0.9426068622562486
2024-05-12,21,1,0,0,0.9623299874983622
2024-05-13,13,1,0,0,0.9004040905601955
2024-05-14,17,1,0,0,0.920047535941887
2024-05-15,18,3,1,1,0.9356345158416376
2024-05-16,16,1,0,0,0.907295677621438
2024-05-17,19,2,2,2,0.927805364069622
2024-05-18,13,2,0,0,0.9182135791340132
2024-05-19,23,0,0,0,0.9494597814624912
2024-05-20,12,3,0,0,0.930892778206997
2024-05-21,17,0,0,0,0.9309192205497933
2024-05-22,22,4,1,0,0.9337825121690655
2024-05-23,25,2,0,0,0.9609844047940973
2024-05-24,18,2,1,0,0.9796325597682889
2024-05-25,13,2,0,0,0.9790300522712452
2024-05-26,21,4,1,1,0.9106164276380424
2024-05-27,18,0,0,0,0.9973218381003054
2024-05-28,16,1,1,0,0.9015027506229442
2024-05-29,22,5,0,0,0.9437917858157316
2024-05-30,20,1,1,1,0.9516377596708174
2024-05-31,16,3,0,0,0.9640992861046561
2024-06-01,21,3,0,0,0.9573756720702563
2024-06-02,18,3,0,0,0.9593380559119193
2024-06-03,19,1,1,1,0.9006949634077392
2024-06-04,18,2,0,0,0.9167780834715383
2024-06-05,21,1,0,0,0.980125800388315
2024-06-06,18,3,1,1,0.9854945073726319
2024-06-07,24,1,1,0,0.9984058469199171
2024-06-08,13,0,1,1,0.9930212279387054
2024-06-09,17,3,0,0,0.9638285786529568
2024-06-10,16,3,1,1,0.9273047227849046
2024-06-11,18,2,0,0,0.9445772769699396
2024-06-12,21,5,2,2,0.9521198868650687
2024-06-13,17,5,1,0,0.9134319250036006
2024-06-14,20,2,0,0,0.9195242093925964
2024-06-15,20,1,0,0,0.9647463705717626
2024-06-16,14,2,1,1,0.9496162747571575
2024-06-17,14,1,0,0,0.934428635231744
2024-06-18,12,1,0,0,0.9935373993614012
2024-06-19,17,2,0,0,0.9715301802729455
2024-06-20,28,2,1,1,0.9352757193685497
2024-06-21,17,1,0,0,0.9604722501754694
2024-06-22,18,3,1,1,0.9241821559482902
2024-06-23,22,5,1,1,0.9759973221517719
2024-06-24,17,2,0,0,0.9793943996576225
2024-06-25,30,6,1,1,0.9066844197400636
2024-06-26,13,2,0,0,0.9710501610045995
2024-06-27,18,1,2,2,0.9318253041676554
2024-06-28,11,0,0,0,0.9008597875595773
2024-06-29,14,2,1,1,0.907112375875992
2024-06-30,22,2,0,0,0.9690373098577743
2024-07-01,17,2,2,2,0.966363738172206
2024-07-02,15,3,0,0,0.9982568089867937
2024-07-03,13,3,0,0,0.979547016078301
2024-07-04,16,2,1,1,0.9338791099091183
2024-07-05,21,2,0,0,0.9501832419286107
2024-07-06,18,1,1,1,0.9986049728467113
2024-07-07,21,4,0,0,0.9248915888868979
2024-07-08,15,0,0,0,0.9608477414451204
2024-07-09,14,3,0,0,0.9682954405402808
2024-07-10,14,3,0,0,0.9319021062253271
2024-07-11,23,1,0,0,0.944058234534935
2024-07-12,14,0,0,0,0.9555231221123563
2024-07-13,15,1,0,0,0.9091719272640851
2024-07-14,25,2,1,1,0.9686030368484216
2024-07-15,12,1,0,0,0.9675727928205027
2024-07-16,24,1,1,1,0.9834084982563476
2024-07-17,20,3,2,1,0.9088566473342822
2024-07-18,15,1,0,0,0.9580460033388195
2024-07-19,17,2,0,0,0.9909233029449033
2024-07-20,18,2,1,1,0.9984693571164364
2024-07-21,14,1,1,1,0.9928076104238829
2024-07-22,22,2,0,0,0.9524528282983378
2024-07-23,17,3,1,1,0.9085575904397762
2024-07-24,18,4,1,1,0.9067176347532525
2024-07-25,20,3,0,0,0.9092238225247753
2024-07-26,24,2,0,0,0.9825663346828966
2024-07-27,20,1,1,0,0.9271286618035689
2024-07-28,18,2,0,0,0.9083275888090532
2024-07-29,22,3,0,0,0.9911458846684006
2024-07-30,21,3,0,0,0.9734644018867618
2024-07-31,22,3,0,0,0.9586428570650082
2024-08-01,25,3,0,0,0.9002552722641075
2024-08-02,18,2,3,3,0.9657557452892331
2024-08-03,10,2,1,0,0.9921761591115922
2024-08-04,21,3,2,2,0.9698945867632119
2024-08-05,11,0,1,0,0.9078633163863166
2024-08-06,14,1,0,0,0.9073111439472324
2024-08-07,19,1,1,1,0.9243058811186384
2024-08-08,22,3,0,0,0.9918744668710686
2024-08-09,15,1,0,0,0.9376335228417044
2024-08-10,15,1,0,0,0.9673938348176565
2024-08-11,16,0,0,0,0.9521775898071664
2024-08-12,10,0,0,0,0.9242889511355213
2024-08-13,19,0,1,0,0.9843121076407843
2024-08-14,14,4,0,0,0.984666191858672
2024-08-15,16,2,0,0,0.9806513790326148
2024-08-16,17,1,0,0,0.9632518888578828
2024-08-17,19,1,1,1,0.9426372864089778
2024-08-18,15,0,1,0,0.9114708704827598
2024-08-19,23,4,0,0,0.9750961705654606
2024-08-20,15,3,0,0,0.9298930260571852
2024-08-21,17,2,0,0,0.9483372318797588
2024-08-22,16,1,1,1,0.9794511541187274
2024-08-23,13,2,0,0,0.9102313631870372
2024-08-24,19,3,1,1,0.9249339957406916
2024-08-25,13,2,0,0,0.9413650488452433
2024-08-26,17,3,0,0,0.9455309925603327
2024-08-27,24,5,0,0,0.9249743492179594
2024-08-28,15,2,0,0,0.9518079949056673
2024-08-29,20,4,1,0,0.9706686357319513
2024-08-30,18,2,0,0,0.9239224963089862
2024-08-31,17,2,0,0,0.9405775022427193
2024-09-01,18,3,0,0,0.9857279280776134
2024-09-02,16,3,0,0,0.927616807253254
2024-09-03,14,0,1,1,0.9387181825056206
2024-09-04,12,3,1,1,0.9789965497746804
2024-09-05,15,2,1,0,0.910353422706616
2024-09-06,22,3,0,0,0.9540657131944763
2024-09-07,23,4,0,0,0.9674062096591062
2024-09-08,15,4,0,0,0.9205089240548922
2024-09-09,19,3,0,0,0.9608670116938938
2024-09-10,21,3,0,0,0.9134781469830061
2024-09-11,22,2,0,0,0.9688912584713067
2024-09-12,24,3,3,2,0.962141871137456
2024-09-13,14,0,0,0,0.9344185965571411
2024-09-14,12,0,0,0,0.9963301335511154
2024-09-15,14,0,0,0,0.9453324729331841
2024-09-16,14,4,0,0,0.965990349386105
2024-09-17,24,2,0,0,0.9267681789586938
2024-09-18,19,6,0,0,0.9534704047795758
2024-09-19,20,2,0,0,0.9383802901087286
2024-09-20,21,7,0,0,0.9761129640404478
2024-09-21,15,0,0,0,0.9548761793167957
2024-09-22,20,4,0,0,0.9061101610765361
2024-09-23,18,4,0,0,0.9070766759625633
2024-09-24,12,2,0,0,0.9815135109285837
2024-09-25,23,1,0,0,0.9500456232332143
2024-09-26,21,4,0,0,0.9756105124408768
2024-09-27,19,1,0,0,0.9205321859184887
2024-09-28,20,0,1,1,0.9213581145587662
2024-09-29,24,4,1,1,0.9583385509456387
2024-09-30,15,2,2,2,0.9220679657399958
2024-10-01,21,3,0,0,0.9173163468825983
2024-10-02,19,3,2,1,0.9620304344318813
2024-10-03,22,3,1,1,0.9276256141464471
2024-10-04,16,1,0,0,0.9149160012955279
2024-10-05,23,2,0,0,0.9030608261322607
2024-10-06,21,3,1,1,0.9923964906851201
2024-10-07,15,3,1,1,0.9893086071049713
2024-10-08,11,2,0,0,0.940758093780777
2024-10-09,17,4,0,0,0.9328369761729624
2024-10-10,16,2,0,0,0.9144024720577569
2024-10-11,22,1,1,1,0.9563915507592484
2024-10-12,13,2,0,0,0.987079717253452
2024-10-13,19,3,1,1,0.9898491572976693
2024-10-14,20,3,0,0,0.9237785365973712
2024-10-15,13,2,1,1,0.9437400678313944
2024-10-16,19,2,0,0,0.9489984420801242
2024-10-17,18,1,0,0,0.9949219391070381
2024-10-18,17,2,0,0,0.9958271976440245
2024-10-19,10,2,0,0,0.9396345031427558
2024-10-20,16,1,1,1,0.9282276316053106
2024-10-21,23,2,2,2,0.9690828086383271
2024-10-22,19,2,1,1,0.9707713778572057
2024-10-23,8,0,0,0,0.9394324199638442
2024-10-24,16,0,0,0,0.9829229453806155
2024-10-25,19,1,0,0,0.9378084715712888
2024-10-26,18,2,0,0,0.9498390429601429
2024-10-27,25,3,0,0,0.9027154922628903
2024-10-28,16,3,0,0,0.9697171772035069
2024-10-29,15,1,0,0,0.9080486358922992
2024-10-30,25,6,1,1,0.965919530182916
2024-10-31,13,2,1,0,0.9627232463262002
2024-11-01,23,4,1,1,0.9617933747285695
2024-11-02,18,3,0,0,0.9116467524767778
2024-11-03,19,4,1,1,0.9645178345721519
2024-11-04,26,3,1,0,0.9763720199637763
2024-11-05,28,3,1,1,0.9207526577450192
2024-11-06,16,2,0,0,0.993491657094964
2024-11-07,20,2,0,0,0.9830425411673827
2024-11-08,15,2,0,0,0.9699283084988388
2024-11-09,28,0,4,3,0.9685971666830265
2024-11-10,17,3,0,0,0.9864551659626815
2024-11-11,11,1,1,1,0.9646929454822898
2024-11-12,19,2,1,1,0.9531627805614047
2024-11-13,22,0,1,1,0.9635391524339826
2024-11-14,14,1,0,0,0.9228932109722128
2024-11-15,18,0,0,0,0.9666984106652429
2024-11-16,18,1,0,0,0.913205475807437
2024-11-17,25,5,0,0,0.9452398285113446
2024-11-18,11,0,1,1,0.9016926611120146
2024-11-19,17,3,1,1,0.917347858255706
2024-11-20,27,2,1,1,0.9668988329119377
2024-11-21,10,2,0,0,0.9112749118683223
2024-11-22,21,2,0,0,0.9223075641817445
2024-11-23,22,1,0,0,0.9898890007943071
2024-11-24,16,4,2,1,0.9366515466650728
2024-11-25,25,4,1,1,0.9351416564013505
2024-11-26,27,3,1,1,0.9621776827820048
2024-11-27,20,1,2,1,0.9672457943955933
2024-11-28,23,2,1,1,0.9056559898026122
2024-11-29,26,4,0,0,0.9539038299192935
2024-11-30,20,1,0,0,0.9894093887807486
2024-12-01,12,1,0,0,0.9343863026940241
2024-12-02,11,2,1,1,0.9981548454743373
2024-12-03,16,4,0,0,0.9313717447347533
2024-12-04,15,3,0,0,0.9862639051617977
2024-12-05,24,2,0,0,0.9286788068435409
2024-12-06,9,2,0,0,0.9901356397241438
2024-12-07,19,4,0,0,0.9679706216052667
2024-12-08,18,1,0,0,0.936008936456903
2024-12-09,21,5,1,1,0.9773818221550883
2024-12-10,19,2,0,0,0.9314102055808616
2024-12-11,19,1,1,0,0.9760499447385914
2024-12-12,27,3,0,0,0.991048286230137
2024-12-13,18,3,1,1,0.9721147894960916
2024-12-14,20,4,0,0,0.9373133661547762
2024-12-15,16,2,0,0,0.9746860668603299
2024-12-16,20,2,2,1,0.9692729018596917
2024-12-17,15,1,1,1,0.9264326219968986
2024-12-18,17,2,0,0,0.9427018382852097
2024-12-19,19,1,0,0,0.9131350545135923
2024-12-20,19,3,0,0,0.9500429673144558
2024-12-21,17,1,0,0,0.9208149169464167
2024-12-22,13,2,0,0,0.9822856552114195
2024-12-23,14,0,1,1,0.9224507601179067
2024-12-24,20,1,0,0,0.962424770647661
2024-12-25,15,2,2,2,0.938174627575155
2024-12-26,14,1,1,1,0.9795555126087478
2024-12-27,14,1,1,1,0.9479172340391968
2024-12-28,11,4,1,1,0.9961829562896325
2024-12-29,27,2,3,3,0.968517276825661
2024-12-30,18,1,1,1,0.9397489202524325
2024-12-31,14,1,0,0,0.9019360884251093
